Country Flag,Country Code,Country Name
ğŸ‡¦ğŸ‡©,ad,Andorra
ğŸ‡¦ğŸ‡ª,ae,United Arab Emirates
ğŸ‡¦ğŸ‡±,al,Albania
ğŸ‡¦ğŸ‡´,ao,Angola
ğŸ‡¦ğŸ‡·,ar,Argentina
ğŸ‡¦ğŸ‡¹,at,Austria
ğŸ‡¦ğŸ‡º,au,Australia
ğŸ‡¦ğŸ‡¿,az,Azerbaijan
ğŸ‡§ğŸ‡§,bb,Barbados
ğŸ‡§ğŸ‡©,bd,Bangladesh
ğŸ‡§ğŸ‡ª,be,Belgium
ğŸ‡§ğŸ‡«,bf,Burkina Faso
ğŸ‡§ğŸ‡¬,bg,Bulgaria
ğŸ‡§ğŸ‡­,bh,Bahrain
ğŸ‡§ğŸ‡®,bi,Burundi
ğŸ‡§ğŸ‡¯,bj,Benin
ğŸ‡§ğŸ‡³,bn,Brunei
ğŸ‡§ğŸ‡·,br,Brazil
ğŸ‡§ğŸ‡¸,bs,Bahamas
ğŸ‡§ğŸ‡¼,bw,Botswana
ğŸ‡§ğŸ‡¾,by,Belarus
ğŸ‡§ğŸ‡¿,bz,Belize
ğŸ‡¨ğŸ‡¦,ca,Canada
ğŸ‡¨ğŸ‡«,cf,Central African Republic
ğŸ‡¨ğŸ‡­,ch,Switzerland
ğŸ‡¨ğŸ‡±,cl,Chile
ğŸ‡¨ğŸ‡²,cm,Cameroon
ğŸ‡¨ğŸ‡´,co,Colombia
ğŸ‡¨ğŸ‡·,cr,Costa Rica
ğŸ‡¨ğŸ‡º,cu,Cuba
ğŸ‡¨ğŸ‡»,cv,Cape Verde
ğŸ‡¨ğŸ‡¾,cy,Cyprus
ğŸ‡©ğŸ‡ª,de,Germany
ğŸ‡©ğŸ‡¯,dj,Djibouti
ğŸ‡©ğŸ‡°,dk,Denmark
ğŸ‡©ğŸ‡²,dm,Dominica
ğŸ‡©ğŸ‡´,do,Dominican Republic
ğŸ‡©ğŸ‡¿,dz,Algeria
ğŸ‡ªğŸ‡ª,ee,Estonia
ğŸ‡ªğŸ‡¬,eg,Egypt
ğŸ‡ªğŸ‡¸,es,Spain
ğŸ‡«ğŸ‡®,fi,Finland
ğŸ‡«ğŸ‡¯,fj,Fiji
ğŸ‡«ğŸ‡·,fr,France
ğŸ‡¬ğŸ‡¦,ga,Gabon
ğŸ‡¬ğŸ‡§,gb,United Kingdom
ğŸ‡¬ğŸ‡©,gd,Grenada
ğŸ‡¬ğŸ‡ª,ge,Georgia
ğŸ‡¬ğŸ‡­,gh,Ghana
ğŸ‡¬ğŸ‡²,gm,Gambia
ğŸ‡¬ğŸ‡³,gn,Guinea
ğŸ‡¬ğŸ‡¶,gq,Equatorial Guinea
ğŸ‡¬ğŸ‡·,gr,Greece
ğŸ‡¬ğŸ‡¹,gt,Guatemala
ğŸ‡¬ğŸ‡¼,gw,Guinea-Bissau
ğŸ‡¬ğŸ‡¾,gy,Guyana
ğŸ‡­ğŸ‡³,hn,Honduras
ğŸ‡­ğŸ‡·,hr,Croatia
ğŸ‡­ğŸ‡¹,ht,Haiti
ğŸ‡­ğŸ‡º,hu,Hungary
ğŸ‡®ğŸ‡©,id,Indonesia
ğŸ‡®ğŸ‡ª,ie,Ireland
ğŸ‡®ğŸ‡±,il,Israel
ğŸ‡®ğŸ‡³,in,India
ğŸ‡®ğŸ‡¶,iq,Iraq
ğŸ‡®ğŸ‡·,ir,Iran
ğŸ‡®ğŸ‡¸,is,Iceland
ğŸ‡®ğŸ‡¹,it,Italy
ğŸ‡¯ğŸ‡²,jm,Jamaica
ğŸ‡¯ğŸ‡´,jo,Jordan
ğŸ‡¯ğŸ‡µ,jp,Japan
ğŸ‡°ğŸ‡ª,ke,Kenya
ğŸ‡°ğŸ‡¬,kg,Kyrgyzstan
ğŸ‡°ğŸ‡®,ki,Kiribati
ğŸ‡°ğŸ‡²,km,Comoros
ğŸ‡°ğŸ‡µ,kp,North Korea
ğŸ‡°ğŸ‡·,kr,South Korea
ğŸ‡°ğŸ‡¼,kw,Kuwait
ğŸ‡°ğŸ‡¿,kz,Kazakhstan
ğŸ‡±ğŸ‡§,lb,Lebanon
ğŸ‡±ğŸ‡®,li,Liechtenstein
ğŸ‡±ğŸ‡°,lk,Sri Lanka
ğŸ‡±ğŸ‡·,lr,Liberia
ğŸ‡±ğŸ‡¸,ls,Lesotho
ğŸ‡±ğŸ‡¹,lt,Lithuania
ğŸ‡±ğŸ‡º,lu,Luxembourg
ğŸ‡±ğŸ‡»,lv,Latvia
ğŸ‡±ğŸ‡¾,ly,Libya
ğŸ‡²ğŸ‡¦,ma,Morocco
ğŸ‡²ğŸ‡¨,mc,Monaco
ğŸ‡²ğŸ‡©,md,Moldova
ğŸ‡²ğŸ‡ª,me,Montenegro
ğŸ‡²ğŸ‡¬,mg,Madagascar
ğŸ‡²ğŸ‡°,mk,North Macedonia
ğŸ‡²ğŸ‡±,ml,Mali
ğŸ‡²ğŸ‡¹,mt,Malta
ğŸ‡²ğŸ‡¼,mw,Malawi
ğŸ‡²ğŸ‡¾,my,Malaysia
ğŸ‡²ğŸ‡¿,mz,Mozambique
ğŸ‡³ğŸ‡¦,na,Namibia
ğŸ‡³ğŸ‡ª,ne,Niger
ğŸ‡³ğŸ‡¬,ng,Nigeria
ğŸ‡³ğŸ‡®,ni,Nicaragua
ğŸ‡³ğŸ‡±,nl,Netherlands
ğŸ‡³ğŸ‡´,no,Norway
ğŸ‡³ğŸ‡·,nr,Nauru
ğŸ‡³ğŸ‡¿,nz,New Zealand
ğŸ‡´ğŸ‡²,om,Oman
ğŸ‡µğŸ‡¦,pa,Panama
ğŸ‡µğŸ‡ª,pe,Peru
ğŸ‡µğŸ‡¬,pg,Papua New Guinea
ğŸ‡µğŸ‡­,ph,Philippines
ğŸ‡µğŸ‡°,pk,Pakistan
ğŸ‡µğŸ‡±,pl,Poland
ğŸ‡µğŸ‡¹,pt,Portugal
ğŸ‡µğŸ‡¼,pw,Palau
ğŸ‡µğŸ‡¾,py,Paraguay
ğŸ‡¶ğŸ‡¦,qa,Qatar
ğŸ‡·ğŸ‡´,ro,Romania
ğŸ‡·ğŸ‡¸,rs,Serbia
ğŸ‡·ğŸ‡º,ru,Russia
ğŸ‡·ğŸ‡¼,rw,Rwanda
ğŸ‡¸ğŸ‡¦,sa,Saudi Arabia
ğŸ‡¸ğŸ‡§,sb,Solomon Islands
ğŸ‡¸ğŸ‡¨,sc,Seychelles
ğŸ‡¸ğŸ‡©,sd,Sudan
ğŸ‡¸ğŸ‡ª,se,Sweden
ğŸ‡¸ğŸ‡¬,sg,Singapore
ğŸ‡¸ğŸ‡°,sk,Slovakia
ğŸ‡¸ğŸ‡±,sl,Sierra Leone
ğŸ‡¸ğŸ‡²,sm,San Marino
ğŸ‡¸ğŸ‡³,sn,Senegal
ğŸ‡¸ğŸ‡´,so,Somalia
ğŸ‡¸ğŸ‡·,sr,Suriname
ğŸ‡¸ğŸ‡¸,ss,South Sudan
ğŸ‡¸ğŸ‡»,sv,El Salvador
ğŸ‡¸ğŸ‡¾,sy,Syria
ğŸ‡¸ğŸ‡¿,sz,Eswatini
ğŸ‡¹ğŸ‡©,td,Chad
ğŸ‡¹ğŸ‡¬,tg,Togo
ğŸ‡¹ğŸ‡­,th,Thailand
ğŸ‡¹ğŸ‡³,tn,Tunisia
ğŸ‡¹ğŸ‡´,to,Tonga
ğŸ‡¹ğŸ‡·,tr,Turkey
ğŸ‡¹ğŸ‡»,tv,Tuvalu
ğŸ‡¹ğŸ‡¿,tz,Tanzania
ğŸ‡ºğŸ‡¦,ua,Ukraine
ğŸ‡ºğŸ‡¬,ug,Uganda
ğŸ‡ºğŸ‡¸,us,United States
ğŸ‡ºğŸ‡¾,uy,Uruguay
ğŸ‡»ğŸ‡¦,va,Vatican City
ğŸ‡»ğŸ‡ª,ve,Venezuela
ğŸ‡»ğŸ‡º,vu,Vanuatu
ğŸ‡¼ğŸ‡¸,ws,Samoa
ğŸ‡½ğŸ‡°,xk,Kosovo
ğŸ‡¾ğŸ‡ª,ye,Yemen
ğŸ‡¿ğŸ‡¦,za,South Africa
ğŸ‡¿ğŸ‡²,zm,Zambia
ğŸ‡¿ğŸ‡¼,zw,Zimbabwe
